{"wp": [[4, 3.34, 6.55], [8, 2.64, 6.55], [12, 3.92, 6.55], [16, 4.31, 6.55], [20, 0.63, 6.55]], "ob": [[[4, 3.34, 0], [4, 3.34, 6]], [[8, 2.64, 0], [8, 2.64, 6]], [[12, 3.92, 0], [12, 3.92, 6]], [[16, 4.31, 0], [16, 4.31, 6]], [[20, 0.63, 0], [20, 0.63, 6]], [[4, 1.3399999999999999, 7.1], [4, 5.34, 7.1]], [[8, 0.6400000000000001, 7.1], [8, 4.640000000000001, 7.1]], [[12, 1.92, 7.1], [12, 5.92, 7.1]], [[16, 2.3099999999999996, 7.1], [16, 6.31, 7.1]], [[20, -1.37, 7.1], [20, 2.63, 7.1]], [[4, 1.3399999999999999, 6], [4, 5.34, 6]], [[8, 0.6400000000000001, 6], [8, 4.640000000000001, 6]], [[12, 1.92, 6], [12, 5.92, 6]], [[16, 2.3099999999999996, 6], [16, 6.31, 6]], [[20, -1.37, 6], [20, 2.63, 6]], [[4, 1.3399999999999999, 6], [4, 1.3399999999999999, 7.1]], [[8, 0.6400000000000001, 6], [8, 0.6400000000000001, 7.1]], [[12, 1.92, 6], [12, 1.92, 7.1]], [[16, 2.3099999999999996, 6], [16, 2.3099999999999996, 7.1]], [[20, -1.37, 6], [20, -1.37, 7.1]], [[4, 5.34, 6], [4, 5.34, 7.1]], [[8, 4.640000000000001, 6], [8, 4.640000000000001, 7.1]], [[12, 5.92, 6], [12, 5.92, 7.1]], [[16, 6.31, 6], [16, 6.31, 7.1]], [[20, 2.63, 6], [20, 2.63, 7.1]]], "yn": 1.0}