{"wp": [[4, 4.96, 6.55], [8, 2.01, 6.55], [12, 1.49, 6.55], [16, 4.45, 6.55], [20, 4.9, 6.55]], "ob": [[[4, 4.96, 0], [4, 4.96, 6]], [[8, 2.01, 0], [8, 2.01, 6]], [[12, 1.49, 0], [12, 1.49, 6]], [[16, 4.45, 0], [16, 4.45, 6]], [[20, 4.9, 0], [20, 4.9, 6]], [[4, 2.96, 7.1], [4, 6.96, 7.1]], [[8, 0.009999999999999787, 7.1], [8, 4.01, 7.1]], [[12, -0.51, 7.1], [12, 3.49, 7.1]], [[16, 2.45, 7.1], [16, 6.45, 7.1]], [[20, 2.9000000000000004, 7.1], [20, 6.9, 7.1]], [[4, 2.96, 6], [4, 6.96, 6]], [[8, 0.009999999999999787, 6], [8, 4.01, 6]], [[12, -0.51, 6], [12, 3.49, 6]], [[16, 2.45, 6], [16, 6.45, 6]], [[20, 2.9000000000000004, 6], [20, 6.9, 6]], [[4, 2.96, 6], [4, 2.96, 7.1]], [[8, 0.009999999999999787, 6], [8, 0.009999999999999787, 7.1]], [[12, -0.51, 6], [12, -0.51, 7.1]], [[16, 2.45, 6], [16, 2.45, 7.1]], [[20, 2.9000000000000004, 6], [20, 2.9000000000000004, 7.1]], [[4, 6.96, 6], [4, 6.96, 7.1]], [[8, 4.01, 6], [8, 4.01, 7.1]], [[12, 3.49, 6], [12, 3.49, 7.1]], [[16, 6.45, 6], [16, 6.45, 7.1]], [[20, 6.9, 6], [20, 6.9, 7.1]]]}